tiraz,1-number,2-number,3-number,4-number,5-number,6-number,datetime,jackpot
5393,3,22,8,45,36,12,2020-09-27 11:00:00,42064850
5392,16,5,9,43,13,12,2020-09-26 23:00:00,41608700
5391,41,22,20,5,32,11,2020-09-26 11:00:00,41330600
5390,32,22,38,3,2,37,2020-09-25 23:00:00,40834450
5389,14,41,22,8,29,25,2020-09-25 11:00:00,40725700
5388,22,39,27,6,29,28,2020-09-24 23:00:00,40381600
5387,37,7,9,27,41,31,2020-09-24 11:00:00,40291800
5386,42,22,44,31,32,11,2020-09-23 23:00:00,39802550
5385,13,38,16,30,23,12,2020-09-23 11:00:00,39546400
5384,15,31,30,28,22,14,2020-09-22 23:00:00,39061200
5383,7,19,26,17,20,21,2020-09-22 11:00:00,38833300
5382,13,43,5,31,23,41,2020-09-21 23:00:00,38279150
5381,38,2,18,41,23,16,2020-09-21 11:00:00,38003000
5380,14,25,9,17,26,13,2020-09-20 23:00:00,37531750
5379,8,33,22,12,39,14,2020-09-20 11:00:00,37291550
5378,43,39,16,3,37,2,2020-09-19 23:00:00,36654750
5377,32,39,13,22,24,10,2020-09-19 11:00:00,36320750
5376,34,26,28,1,39,37,2020-09-18 23:00:00,35648250
5375,22,6,17,9,14,3,2020-09-18 11:00:00,35580450
5374,29,3,30,36,11,22,2020-09-17 23:00:00,35996750
5373,15,5,28,23,41,17,2020-09-17 11:00:00,35934100
5372,24,33,13,37,23,42,2020-09-16 23:00:00,35305450
5371,38,32,23,4,27,24,2020-09-16 11:00:00,34993050
5370,22,1,20,37,36,18,2020-09-15 23:00:00,34273600
5369,35,36,38,34,39,23,2020-09-15 11:00:00,33856100
5368,15,9,17,42,32,34,2020-09-14 23:00:00,33530350
5367,43,7,3,11,5,1,2020-09-14 11:00:00,33519950
5366,14,45,28,5,42,40,2020-09-13 23:00:00,33165700
5365,8,38,1,41,2,37,2020-09-13 11:00:00,32843100
5364,30,7,14,28,6,39,2020-09-12 23:00:00,32284050
5363,45,38,35,23,11,19,2020-09-12 11:00:00,32151250
5362,44,18,6,16,17,11,2020-09-11 23:00:00,31563800
5361,5,22,9,44,2,13,2020-09-11 11:00:00,31306300
5360,45,7,35,27,10,16,2020-09-10 23:00:00,30799950
5359,6,18,37,14,5,32,2020-09-10 11:00:00,30507400
5358,17,15,8,34,11,40,2020-09-09 23:00:00,30187400
5357,20,19,5,3,45,14,2020-09-09 11:00:00,30116000
5356,16,22,25,2,6,29,2020-09-08 23:00:00,29553350
5355,36,2,11,17,1,5,2020-09-08 11:00:00,29248000
5354,23,34,7,27,17,26,2020-09-07 23:00:00,29213150
5353,6,21,7,13,15,20,2020-09-07 11:00:00,28950600
5352,17,2,28,42,10,22,2020-09-06 23:00:00,28416950
5351,40,7,16,2,11,34,2020-09-06 11:00:00,28143600
5350,21,32,3,29,26,20,2020-09-05 23:00:00,27616400
5349,45,38,23,18,27,3,2020-09-05 11:00:00,27341200
5348,17,33,23,37,11,4,2020-09-04 23:00:00,27019200
5347,2,12,13,35,26,34,2020-09-04 11:00:00,27026950
5346,12,39,2,45,44,26,2020-09-03 23:00:00,26309950
5345,1,45,24,39,37,33,2020-09-03 11:00:00,25942050
5344,34,15,41,44,36,23,2020-09-02 23:00:00,25382700
5343,41,42,19,24,40,20,2020-09-02 11:00:00,25260750
5342,2,26,45,19,40,21,2020-09-01 23:00:00,24682100
5341,3,29,43,16,33,42,2020-09-01 11:00:00,24353900
5340,41,43,38,31,30,3,2020-08-31 23:00:00,23774500
5339,7,14,8,41,30,18,2020-08-31 11:00:00,23505450
5338,39,43,40,42,36,29,2020-08-30 23:00:00,22889300
5337,10,41,21,33,25,27,2020-08-30 11:00:00,22662950
5336,2,9,34,44,14,40,2020-08-29 23:00:00,22565550
5335,9,11,13,7,27,30,2020-08-29 11:00:00,22525550
5334,29,30,3,16,36,38,2020-08-28 23:00:00,22227400
5333,4,11,12,42,16,3,2020-08-28 11:00:00,21984200
5332,37,42,30,39,7,14,2020-08-27 23:00:00,21583950
5331,8,22,7,14,5,9,2020-08-27 11:00:00,21580850
5330,34,25,35,40,12,45,2020-08-26 23:00:00,21000450
5329,27,36,42,11,8,2,2020-08-26 11:00:00,20948600
5328,36,40,43,20,37,29,2020-08-25 23:00:00,20315100
5327,20,41,45,12,6,16,2020-08-25 11:00:00,20227100
5326,21,11,28,22,19,20,2020-08-24 23:00:00,19977850
5325,14,39,9,18,19,38,2020-08-24 11:00:00,19723500
5324,30,15,40,26,21,38,2020-08-23 23:00:00,19151400
5323,25,3,12,42,30,6,2020-08-23 11:00:00,19057000
5322,17,28,26,22,14,6,2020-08-22 23:00:00,18774450
5321,42,31,7,41,28,37,2020-08-22 11:00:00,18342650
5320,18,3,14,12,44,24,2020-08-21 23:00:00,17757550
5319,17,3,20,21,40,34,2020-08-21 11:00:00,17531450
5318,38,4,29,15,35,23,2020-08-20 23:00:00,17059400
5317,15,28,38,7,5,45,2020-08-20 11:00:00,17079700
5316,35,32,3,25,21,2,2020-08-19 23:00:00,16555650
5315,39,37,26,25,15,9,2020-08-19 11:00:00,16276850
5314,10,11,34,20,44,27,2020-08-18 23:00:00,15833900
5313,20,1,19,43,15,24,2020-08-18 11:00:00,15717450
5312,3,38,37,22,16,5,2020-08-17 23:00:00,15167550
5311,26,10,7,38,35,43,2020-08-17 11:00:00,14908200
5310,35,29,27,5,19,12,2020-08-16 23:00:00,14686550
5309,14,24,37,34,42,30,2020-08-16 11:00:00,14408600
5308,40,42,30,33,18,8,2020-08-15 23:00:00,13896950
5307,6,29,36,8,35,4,2020-08-15 11:00:00,13834450
5306,38,44,28,21,45,16,2020-08-14 23:00:00,13457300
5305,22,12,30,23,41,13,2020-08-14 11:00:00,13198300
5304,2,16,42,15,41,22,2020-08-13 23:00:00,12897750
5303,42,17,13,9,27,43,2020-08-13 11:00:00,12900950
5302,10,34,44,25,22,20,2020-08-12 23:00:00,12625500
5301,39,16,22,13,3,5,2020-08-12 11:00:00,12418100
5300,7,45,30,1,6,41,2020-08-11 23:00:00,12374450
5299,12,45,44,35,5,40,2020-08-11 11:00:00,12095150
5298,30,43,6,33,38,32,2020-08-10 23:00:00,11581200
5297,40,42,1,43,41,8,2020-08-10 11:00:00,11322800
5296,45,26,3,30,28,6,2020-08-09 23:00:00,10916050
5295,4,6,28,11,35,29,2020-08-09 11:00:00,10740150
5294,18,10,12,13,45,44,2020-08-08 23:00:00,10307600
5293,26,10,45,44,15,12,2020-08-08 11:00:00,10052950
5292,18,11,6,22,24,28,2020-08-07 23:00:00,10086750
5291,18,9,32,41,24,26,2020-08-07 11:00:00,10000000
5290,19,38,43,37,6,35,2020-08-06 23:00:00,10000000
5289,19,5,36,3,27,7,2020-08-06 11:00:00,10000000
5288,35,32,30,21,19,27,2020-08-05 23:00:00,10000000
5287,8,34,3,41,24,7,2020-08-05 11:00:00,10000000
5286,24,3,21,38,45,35,2020-08-04 23:00:00,10000000
5285,42,11,40,33,22,21,2020-08-04 11:00:00,10000000
5284,35,42,7,4,15,44,2020-08-03 23:00:00,10000000
5283,26,2,33,7,10,30,2020-08-03 11:00:00,10000000
5282,38,35,8,18,2,34,2020-08-02 23:00:00,10000000
5281,41,29,7,42,17,45,2020-08-02 11:00:00,10000000
5280,16,45,25,7,39,41,2020-08-01 23:00:00,10000000
5279,6,28,36,4,7,15,2020-08-01 11:00:00,10000000
5278,29,26,19,35,9,33,2020-07-31 23:00:00,10000000
5277,43,33,40,6,35,9,2020-07-31 11:00:00,10000000
5276,14,27,3,41,17,19,2020-07-30 23:00:00,10000000
5275,4,28,36,19,2,15,2020-07-30 11:00:00,10000000
5274,24,37,20,10,44,29,2020-07-29 23:00:00,10000000
5273,11,2,8,13,23,30,2020-07-29 11:00:00,10000000
5272,30,45,28,17,38,8,2020-07-28 23:00:00,10000000
5271,35,7,10,34,40,13,2020-07-28 11:00:00,10000000
5270,34,25,43,4,23,19,2020-07-27 23:00:00,10000000
5269,12,9,19,20,4,34,2020-07-27 11:00:00,10000000
5268,45,40,20,41,30,6,2020-07-26 23:00:00,10000000
5267,40,22,35,13,6,41,2020-07-26 11:00:00,10000000
5266,33,1,27,30,2,13,2020-07-25 23:00:00,10000000
5265,15,17,14,12,43,41,2020-07-25 11:00:00,10000000
5264,26,34,29,15,43,11,2020-07-24 23:00:00,10000000
5263,34,20,10,42,31,43,2020-07-24 11:00:00,10000000
5262,37,18,40,38,41,34,2020-07-23 23:00:00,10000000
5261,8,41,34,36,4,14,2020-07-23 11:00:00,10000000
5260,42,19,5,25,38,8,2020-07-22 23:00:00,10000000
5259,44,3,23,14,24,28,2020-07-22 11:00:00,10000000
5258,40,10,13,7,39,1,2020-07-21 23:00:00,10000000
5257,18,29,33,16,31,35,2020-07-21 11:00:00,10000000
5256,22,31,1,32,8,23,2020-07-20 23:00:00,10000000
5255,11,2,10,44,20,40,2020-07-20 11:00:00,10000000
5254,29,6,25,23,31,43,2020-07-19 23:00:00,10000000
5253,15,39,41,14,27,40,2020-07-19 11:00:00,10000000
5252,24,39,30,42,10,6,2020-07-18 23:00:00,10000000
5251,8,13,1,19,27,16,2020-07-18 11:00:00,10000000
5250,42,31,41,20,43,28,2020-07-17 23:00:00,10000000
5249,23,38,12,35,16,31,2020-07-17 11:00:00,303527903
5248,33,45,25,10,1,30,2020-07-16 23:00:00,303588903
5247,5,25,32,8,13,23,2020-07-16 11:00:00,303176553
5246,13,45,11,38,22,37,2020-07-15 23:00:00,302379003
5245,5,38,30,9,17,1,2020-07-15 11:00:00,301938403
5244,29,15,36,35,10,41,2020-07-14 23:00:00,301128353
5243,34,24,18,20,14,7,2020-07-14 11:00:00,300837953
5242,28,33,29,10,39,38,2020-07-13 23:00:00,299974203
5241,8,16,42,18,40,11,2020-07-13 11:00:00,299493253
5240,27,38,24,31,36,4,2020-07-12 23:00:00,298588803
5239,30,18,38,4,26,6,2020-07-12 11:00:00,298272103
5238,26,25,32,35,37,10,2020-07-11 23:00:00,297336153
5237,37,34,24,18,35,38,2020-07-11 11:00:00,296970903
5236,5,16,29,15,24,7,2020-07-10 23:00:00,296845903
5235,8,11,12,37,25,33,2020-07-10 11:00:00,296558403
5234,41,16,34,29,33,18,2020-07-09 23:00:00,295992953
5233,20,27,39,5,2,26,2020-07-09 11:00:00,295580953
5232,24,11,10,30,9,40,2020-07-08 23:00:00,295307153
5231,35,9,37,18,16,36,2020-07-08 11:00:00,294820753
5230,3,17,20,27,16,10,2020-07-07 23:00:00,294212603
5229,6,5,35,10,20,2,2020-07-07 11:00:00,293851653
5228,38,23,5,29,41,17,2020-07-06 23:00:00,294057453
5227,12,15,21,5,17,24,2020-07-06 11:00:00,294356803
5226,18,33,38,43,29,12,2020-07-05 23:00:00,293791753
5225,40,14,31,25,34,38,2020-07-05 11:00:00,293340003
5224,41,30,44,24,2,32,2020-07-04 23:00:00,292483353
5223,34,21,20,5,11,8,2020-07-04 11:00:00,292317553
5222,8,37,21,7,5,32,2020-07-03 23:00:00,291765753
5221,20,37,34,36,27,45,2020-07-03 11:00:00,291201353
5220,9,29,36,12,37,39,2020-07-02 23:00:00,290280553
5219,7,2,16,15,9,5,2020-07-02 11:00:00,290291253
5218,39,3,2,25,24,45,2020-07-01 23:00:00,289567453
5217,23,15,24,7,29,27,2020-07-01 11:00:00,289141603
5216,18,42,40,3,32,20,2020-06-30 23:00:00,288383703
5215,38,27,21,4,42,33,2020-06-30 11:00:00,287925953
5214,8,7,13,33,23,30,2020-06-29 23:00:00,287582503
5213,24,31,19,15,42,14,2020-06-29 11:00:00,287038153
5212,39,40,21,7,15,2,2020-06-28 23:00:00,286184553
5211,20,26,13,23,45,12,2020-06-28 11:00:00,285740053
5210,34,20,11,29,33,7,2020-06-27 23:00:00,285236503
5209,43,11,32,26,17,9,2020-06-27 11:00:00,285464753
5208,24,41,3,5,37,34,2020-06-26 23:00:00,285234203
5207,29,34,1,39,14,11,2020-06-26 11:00:00,284704103
5206,3,5,22,21,13,41,2020-06-25 23:00:00,284127803
5205,2,29,17,34,24,22,2020-06-25 11:00:00,284093903
5204,4,36,1,7,24,20,2020-06-24 23:00:00,283419303
5203,12,19,2,11,3,29,2020-06-24 11:00:00,282998053
5202,44,37,39,22,19,27,2020-06-23 23:00:00,282260853
5201,27,1,41,21,15,16,2020-06-23 11:00:00,281718753
5200,2,43,12,1,20,3,2020-06-22 23:00:00,280926553
5199,25,6,31,41,5,1,2020-06-22 11:00:00,280381253
5198,23,22,24,15,5,1,2020-06-21 23:00:00,279492653
5197,4,11,10,15,42,34,2020-06-21 11:00:00,279290153
5196,26,5,29,16,45,15,2020-06-20 23:00:00,278532853
5195,26,34,30,45,33,42,2020-06-20 11:00:00,278587053
5194,17,2,9,18,1,43,2020-06-19 23:00:00,277715203
5193,3,29,30,9,18,28,2020-06-19 11:00:00,277554103
5192,5,33,26,10,34,25,2020-06-18 23:00:00,276721803
5191,26,17,41,15,21,37,2020-06-18 11:00:00,276530603
5190,31,34,32,27,7,40,2020-06-17 23:00:00,275638953
5189,11,35,18,7,2,13,2020-06-17 11:00:00,275307403
5188,6,26,34,30,32,43,2020-06-16 23:00:00,275045203
5187,6,31,5,44,35,23,2020-06-16 11:00:00,274824003
5186,30,44,17,3,33,1,2020-06-15 23:00:00,274275503
5185,28,7,31,32,6,29,2020-06-15 11:00:00,273845903
5184,12,21,25,42,36,39,2020-06-14 23:00:00,272928353
5183,34,40,36,45,31,37,2020-06-14 11:00:00,272390853
5182,15,42,29,26,12,23,2020-06-13 23:00:00,272459953
5181,38,23,1,39,34,13,2020-06-13 11:00:00,271989403
5180,16,18,31,3,44,32,2020-06-12 23:00:00,271504903
5179,34,26,42,29,13,2,2020-06-12 11:00:00,271105253
5178,22,3,18,14,11,4,2020-06-11 23:00:00,270901103
5177,8,22,21,32,11,25,2020-06-11 11:00:00,270758553
5176,16,22,19,30,4,27,2020-06-10 23:00:00,270062503
5175,9,15,35,44,2,19,2020-06-10 11:00:00,269642153
5174,12,33,44,5,36,34,2020-06-09 23:00:00,268947803
5173,4,42,20,7,43,9,2020-06-09 11:00:00,268559903
5172,15,10,43,12,13,27,2020-06-08 23:00:00,267941703
5171,38,34,28,26,18,15,2020-06-08 11:00:00,267555153
5170,45,2,31,30,43,21,2020-06-07 23:00:00,266793353
5169,45,19,34,30,12,44,2020-06-07 11:00:00,266404003
5168,5,15,30,17,8,14,2020-06-06 23:00:00,265765853
5167,22,15,28,1,11,27,2020-06-06 11:00:00,265390853
5166,19,20,1,40,11,41,2020-06-05 23:00:00,264502503
5165,44,21,11,26,23,43,2020-06-05 11:00:00,264468453
5164,13,41,35,45,4,28,2020-06-04 23:00:00,264002003
5163,36,26,32,10,22,20,2020-06-04 11:00:00,263564103
5162,42,13,35,44,5,14,2020-06-03 23:00:00,262834003
5161,41,43,39,35,17,13,2020-06-03 11:00:00,262378603
5160,11,34,16,42,43,26,2020-06-02 23:00:00,261574253
5159,23,11,34,37,29,21,2020-06-02 11:00:00,261156053
5158,7,31,17,5,14,33,2020-06-01 23:00:00,260560103
5157,8,24,16,12,37,41,2020-06-01 11:00:00,260336053
5156,19,12,5,32,33,3,2020-05-31 23:00:00,259813653
5155,38,9,18,37,39,14,2020-05-31 11:00:00,259726103
5154,31,12,44,38,17,37,2020-05-30 23:00:00,259129903
5153,18,37,17,21,44,43,2020-05-30 11:00:00,261668253
5152,14,5,24,20,4,11,2020-05-29 23:00:00,261027103
5151,2,13,21,3,33,27,2020-05-29 11:00:00,260748903
5150,34,22,3,19,43,39,2020-05-28 23:00:00,260002153
5149,1,35,37,34,14,29,2020-05-28 11:00:00,259422553
5148,12,22,4,7,14,16,2020-05-27 23:00:00,258991653
5147,43,36,32,38,29,16,2020-05-27 11:00:00,258463803
5146,31,2,17,3,20,24,2020-05-26 23:00:00,257800403
5145,1,24,13,30,31,28,2020-05-26 11:00:00,257226903
5144,11,25,2,30,5,23,2020-05-25 23:00:00,256609403
5143,4,32,29,24,23,1,2020-05-25 11:00:00,256158653
5142,29,6,11,31,43,40,2020-05-24 23:00:00,255441953
5141,44,42,15,45,24,21,2020-05-24 11:00:00,255202603
5140,9,31,3,27,35,17,2020-05-23 23:00:00,255242203
5139,23,20,2,15,44,35,2020-05-23 11:00:00,255017153
5138,40,28,41,19,10,37,2020-05-22 23:00:00,254123103
5137,31,30,9,10,42,22,2020-05-22 11:00:00,254532153
5136,28,13,35,3,8,20,2020-05-21 23:00:00,254333153
5135,6,28,11,14,23,4,2020-05-21 11:00:00,254024603
5134,31,21,10,11,12,38,2020-05-20 23:00:00,253107753
5133,7,36,30,21,42,41,2020-05-20 11:00:00,252574453
5132,44,11,24,16,2,15,2020-05-19 23:00:00,252031553
5131,30,43,37,1,27,29,2020-05-19 11:00:00,251432153
5130,43,3,18,2,45,14,2020-05-18 23:00:00,250840853
5129,41,36,27,19,34,33,2020-05-18 11:00:00,250344853
5128,44,41,24,37,38,27,2020-05-17 23:00:00,249575153
5127,22,36,8,45,24,1,2020-05-17 11:00:00,249136753
5126,5,18,42,16,41,1,2020-05-16 23:00:00,248549553
5125,28,35,44,39,19,24,2020-05-16 11:00:00,248084303
5124,41,9,42,3,45,23,2020-05-15 23:00:00,247313303
5123,26,24,43,12,6,15,2020-05-15 11:00:00,247047153
5122,15,44,34,36,24,43,2020-05-14 23:00:00,246127003
5121,31,43,37,15,9,18,2020-05-14 11:00:00,245563953
5120,10,21,7,43,15,13,2020-05-13 23:00:00,245386253
5119,18,26,19,33,11,20,2020-05-13 11:00:00,245113553
5118,17,11,38,45,41,20,2020-05-12 23:00:00,244387253
5117,22,4,39,6,44,19,2020-05-12 11:00:00,244193953
5116,20,44,2,4,25,37,2020-05-11 23:00:00,243471453
5115,40,18,44,34,45,29,2020-05-11 11:00:00,243151703
5114,43,23,26,27,5,34,2020-05-10 23:00:00,242715603
5113,19,44,39,30,16,41,2020-05-10 11:00:00,242312553
5112,32,5,11,16,14,20,2020-05-09 23:00:00,241991353
5111,4,21,30,38,27,6,2020-05-09 11:00:00,241634603
5110,31,25,7,39,36,37,2020-05-08 23:00:00,240730053
5109,8,35,6,32,3,40,2020-05-08 11:00:00,240336103
5108,36,27,39,1,45,7,2020-05-07 23:00:00,239574553
5107,29,2,41,42,30,1,2020-05-07 11:00:00,239046603
5106,8,3,22,34,4,20,2020-05-06 23:00:00,238808603
5105,35,44,25,16,9,14,2020-05-06 11:00:00,238462403
5104,8,20,14,18,13,17,2020-05-05 23:00:00,237910353
5103,32,39,14,15,25,30,2020-05-05 11:00:00,237477753
5102,34,10,32,35,45,19,2020-05-04 23:00:00,236767603
5101,21,2,29,24,25,20,2020-05-04 11:00:00,236346453
5100,20,42,23,16,29,41,2020-05-03 23:00:00,235591203
5099,7,24,14,35,16,29,2020-05-03 11:00:00,235427753
5098,18,10,28,27,25,41,2020-05-02 23:00:00,234816203
5097,29,3,33,31,44,36,2020-05-02 11:00:00,235042253
5096,22,11,31,18,10,27,2020-05-01 23:00:00,234643953
5095,18,4,17,8,31,45,2020-05-01 11:00:00,234477553
5094,7,41,16,9,45,34,2020-04-30 23:00:00,233755303
5093,25,35,26,34,39,24,2020-04-30 11:00:00,233250953
5092,1,12,30,25,41,40,2020-04-29 23:00:00,233068353
5091,5,42,22,19,25,43,2020-04-29 11:00:00,232929253
5090,10,45,6,24,32,20,2020-04-28 23:00:00,232930453
5089,2,33,24,12,45,25,2020-04-28 11:00:00,232542003
5088,28,4,8,7,39,3,2020-04-27 23:00:00,232023353
5087,14,8,44,41,19,33,2020-04-27 11:00:00,231871353
5086,40,4,29,28,24,23,2020-04-26 23:00:00,231168153
5085,7,34,33,25,10,9,2020-04-26 11:00:00,230820603
5084,7,31,23,15,37,3,2020-04-25 23:00:00,230834053
5083,21,22,17,15,31,28,2020-04-25 11:00:00,230446853
5082,39,30,28,44,29,3,2020-04-24 23:00:00,229694803
5081,25,26,20,11,43,29,2020-04-24 11:00:00,229291053
5080,24,36,40,16,2,28,2020-04-23 23:00:00,228565353
5079,11,13,3,15,40,22,2020-04-23 11:00:00,228749353
5078,43,23,7,44,35,31,2020-04-22 23:00:00,228420303
5077,36,44,40,25,19,32,2020-04-22 11:00:00,227938903
5076,24,19,34,9,6,44,2020-04-21 23:00:00,227253203
5075,41,5,34,2,39,23,2020-04-21 11:00:00,226838553
5074,39,19,16,41,1,29,2020-04-20 23:00:00,226047603
5073,20,14,23,16,12,1,2020-04-20 11:00:00,226026603
5072,34,21,42,12,10,26,2020-04-19 23:00:00,225516253
5071,1,8,14,33,36,38,2020-04-19 11:00:00,225023153
5070,13,45,25,44,8,37,2020-04-18 23:00:00,225078903
5069,45,40,12,23,7,19,2020-04-18 11:00:00,224644803
5068,40,16,43,41,18,37,2020-04-17 23:00:00,224022303
5067,9,36,29,15,18,12,2020-04-17 11:00:00,223676653
5066,33,7,42,21,31,16,2020-04-16 23:00:00,223625903
5065,17,31,24,29,25,13,2020-04-16 11:00:00,223218803
5064,18,43,42,14,5,11,2020-04-15 23:00:00,222488553
5063,13,17,7,27,44,19,2020-04-15 11:00:00,222795853
5062,7,25,42,10,3,35,2020-04-14 23:00:00,222664403
5061,23,14,8,21,28,34,2020-04-14 11:00:00,222307453
5060,4,5,43,45,33,9,2020-04-13 23:00:00,221851753
5059,30,22,29,20,44,14,2020-04-13 11:00:00,221452653
5058,26,2,4,19,20,24,2020-04-12 23:00:00,220765403
5057,3,28,19,34,6,2,2020-04-12 11:00:00,220568403
5056,33,21,19,15,29,10,2020-04-11 23:00:00,220086953
5055,17,33,25,40,5,45,2020-04-11 11:00:00,219747253
5054,5,20,27,8,40,12,2020-04-10 23:00:00,219020953
5053,23,37,18,9,39,38,2020-04-10 11:00:00,218598603
5052,9,36,28,40,34,7,2020-04-09 23:00:00,218037503
5051,7,12,30,20,21,16,2020-04-09 11:00:00,217617503
5050,9,34,28,25,40,8,2020-04-08 23:00:00,217061853
5049,17,32,4,22,9,16,2020-04-08 11:00:00,216693803
5048,21,28,32,9,10,2,2020-04-07 23:00:00,216269703
5047,1,14,39,15,9,12,2020-04-07 11:00:00,215825603
5046,2,19,31,44,5,41,2020-04-06 23:00:00,215179953
5045,9,25,42,28,27,33,2020-04-06 11:00:00,214805053
5044,16,6,41,42,4,25,2020-04-05 23:00:00,214167503
5043,30,8,15,20,25,10,2020-04-05 11:00:00,213781803
5042,9,42,34,11,10,21,2020-04-04 23:00:00,213174253
5041,38,26,8,14,39,29,2020-04-04 11:00:00,212798803
5040,18,13,12,6,38,5,2020-04-03 23:00:00,212397153
5039,10,42,14,38,44,5,2020-04-03 11:00:00,212016653
5038,12,23,30,4,1,43,2020-04-02 23:00:00,211544003
5037,44,12,38,30,41,11,2020-04-02 11:00:00,211311253
5036,43,6,34,27,15,42,2020-04-01 23:00:00,211294003
5035,18,38,28,1,13,10,2020-04-01 11:00:00,211138553
5034,41,10,37,43,31,14,2020-03-31 23:00:00,210457153
5033,37,45,40,7,20,22,2020-03-31 11:00:00,210107603
5032,30,1,7,28,11,27,2020-03-30 23:00:00,209759653
5031,40,16,26,23,27,30,2020-03-30 11:00:00,209412453
5030,25,19,29,31,33,26,2020-03-29 23:00:00,208689153
5029,8,33,32,30,31,44,2020-03-29 11:00:00,208191453
5028,29,8,20,16,27,43,2020-03-28 23:00:00,207695253
5027,12,35,39,14,10,4,2020-03-28 11:00:00,207353953
5026,21,35,43,8,36,42,2020-03-27 23:00:00,206430403
5025,45,4,37,22,7,34,2020-03-27 11:00:00,206537053
5024,3,18,30,16,33,9,2020-03-26 23:00:00,206451103
5023,4,22,45,12,3,42,2020-03-26 11:00:00,205970303
5022,24,33,26,12,3,13,2020-03-25 23:00:00,205419453
5021,19,21,38,7,28,17,2020-03-25 11:00:00,205424153
5020,43,22,1,42,10,3,2020-03-24 23:00:00,204665703
5019,29,45,24,31,1,30,2020-03-24 11:00:00,204252403
5018,31,15,36,20,2,1,2020-03-23 23:00:00,203293353
5017,10,17,43,13,24,41,2020-03-23 11:00:00,202878603
5016,11,37,3,14,15,42,2020-03-22 23:00:00,202085353
5015,44,1,42,25,45,10,2020-03-22 11:00:00,201494953
5014,22,15,6,1,38,9,2020-03-21 23:00:00,200806653
5013,43,4,21,27,36,29,2020-03-21 11:00:00,200212453
5012,14,42,24,40,11,4,2020-03-20 23:00:00,199172953
5011,10,27,6,30,40,9,2020-03-20 11:00:00,199248553
5010,4,19,36,44,35,18,2020-03-19 23:00:00,198463853
5009,21,6,36,35,23,31,2020-03-19 11:00:00,197873203
5008,38,41,40,30,1,34,2020-03-18 23:00:00,196629453
5007,5,28,23,31,25,8,2020-03-18 11:00:00,196837203
5006,10,41,12,43,4,35,2020-03-17 23:00:00,196295903
5005,37,29,8,15,32,40,2020-03-17 11:00:00,196549803
5004,26,1,10,15,32,31,2020-03-16 23:00:00,195671403
5003,14,16,36,42,32,24,2020-03-16 11:00:00,195305503
5002,24,28,10,19,38,30,2020-03-15 23:00:00,194535253
5001,7,10,3,2,11,34,2020-03-15 11:00:00,194063353
5000,20,11,9,32,31,13,2020-03-14 23:00:00,193276203
4999,31,23,39,12,4,16,2020-03-14 11:00:00,192707253
4998,32,41,26,2,13,3,2020-03-13 23:00:00,191749503
4997,28,18,34,24,43,9,2020-03-13 11:00:00,191121053
4996,23,39,1,2,26,38,2020-03-12 23:00:00,189849003
4995,40,30,44,16,39,20,2020-03-12 11:00:00,189435103
4994,25,5,28,37,22,18,2020-03-11 23:00:00,188510803
4993,34,12,2,1,25,42,2020-03-11 11:00:00,188247703
4992,4,11,8,45,43,2,2020-03-10 23:00:00,187600303
4991,10,28,19,21,29,4,2020-03-10 11:00:00,187162403
4990,42,26,3,14,13,39,2020-03-09 23:00:00,186778753
4989,36,6,25,31,26,32,2020-03-09 11:00:00,186087353
4988,3,44,39,24,8,31,2020-03-08 23:00:00,185204053
4987,6,36,17,3,15,34,2020-03-08 11:00:00,184812453
4986,4,16,3,2,28,36,2020-03-07 23:00:00,184362203
4985,19,38,42,1,17,18,2020-03-07 11:00:00,183700353
4984,32,12,14,7,45,35,2020-03-06 23:00:00,182833503
4983,6,37,18,44,30,3,2020-03-06 11:00:00,182483503
4982,31,21,29,5,26,17,2020-03-05 23:00:00,182073803
4981,35,39,40,38,14,2,2020-03-05 11:00:00,181475403
4980,43,26,45,6,16,11,2020-03-04 23:00:00,180477753
4979,24,6,33,42,20,28,2020-03-04 11:00:00,180277953
4978,14,7,19,32,39,2,2020-03-03 23:00:00,180038903
4977,38,5,8,31,3,21,2020-03-03 11:00:00,179873503
4976,1,28,30,14,10,45,2020-03-02 23:00:00,179776303
4975,27,17,29,16,23,25,2020-03-02 11:00:00,179327603
4974,20,37,9,34,43,27,2020-03-01 23:00:00,178658553
4973,16,35,19,11,44,2,2020-03-01 11:00:00,178175003
4972,2,42,5,27,3,11,2020-02-29 23:00:00,177286103
4971,34,18,28,26,7,42,2020-02-29 11:00:00,176939953
4970,29,27,13,3,7,25,2020-02-28 23:00:00,176409203
4969,6,17,4,27,33,38,2020-02-28 11:00:00,176469003
4968,13,14,19,35,42,25,2020-02-27 23:00:00,175445253
4967,14,24,12,41,28,42,2020-02-27 11:00:00,174863803
4966,8,27,15,20,28,12,2020-02-26 23:00:00,174839853
4965,5,39,43,27,14,16,2020-02-26 11:00:00,174502103
4964,43,14,22,20,26,16,2020-02-25 23:00:00,173446203
4963,12,5,20,28,30,14,2020-02-25 11:00:00,173106803
4962,10,30,35,33,4,26,2020-02-24 23:00:00,172342653
4961,6,1,40,19,42,11,2020-02-24 11:00:00,172230653
4960,31,28,12,2,43,8,2020-02-23 23:00:00,171188553
4959,32,29,16,10,33,36,2020-02-23 11:00:00,170712003
4958,4,25,24,32,10,7,2020-02-22 23:00:00,169758703
4957,32,36,23,10,11,3,2020-02-22 11:00:00,169172653
4956,30,25,16,1,12,9,2020-02-21 23:00:00,167928953
4955,44,26,19,5,9,3,2020-02-21 11:00:00,167656053
4954,39,44,12,29,3,25,2020-02-20 23:00:00,166631203
4953,42,22,40,35,29,31,2020-02-20 11:00:00,166144603
4952,30,40,16,19,11,12,2020-02-19 23:00:00,165068503
4951,27,41,2,38,20,39,2020-02-19 11:00:00,164143003
4950,44,7,11,5,37,14,2020-02-18 23:00:00,163451753
4949,34,5,16,18,35,30,2020-02-18 11:00:00,163428553
4948,41,43,36,32,34,8,2020-02-17 23:00:00,162244253
4947,41,28,9,8,37,3,2020-02-17 11:00:00,161977253
4946,34,41,16,32,22,39,2020-02-16 23:00:00,161175353
4945,10,20,9,14,11,40,2020-02-16 11:00:00,160656153
4944,42,7,20,18,6,3,2020-02-15 23:00:00,159715503
4943,40,11,21,29,23,14,2020-02-15 11:00:00,159721703
4942,15,42,4,5,22,40,2020-02-14 23:00:00,158160803
4941,18,39,34,40,33,41,2020-02-14 11:00:00,157463553
4940,41,28,31,32,19,5,2020-02-13 23:00:00,156645653
4939,42,41,19,15,32,27,2020-02-13 11:00:00,156249803
4938,11,5,40,41,10,9,2020-02-12 23:00:00,155205203
4937,39,35,2,23,8,9,2020-02-12 11:00:00,154720353
4936,35,36,22,11,17,20,2020-02-11 23:00:00,154049103
4935,42,24,9,5,20,33,2020-02-11 11:00:00,153753853
4934,5,16,15,19,45,8,2020-02-10 23:00:00,152833503
4933,11,6,19,25,34,18,2020-02-10 11:00:00,152300493
4932,4,39,11,29,23,25,2020-02-09 23:00:00,151264387
4931,39,37,21,45,25,44,2020-02-09 11:00:00,150670115
4930,38,43,44,29,3,19,2020-02-08 23:00:00,149803075
4929,21,13,29,8,14,22,2020-02-08 11:00:00,149314495
4928,22,23,39,20,24,29,2020-02-07 23:00:00,148140415
4927,34,10,15,1,6,21,2020-02-07 11:00:00,147668016
4926,21,9,23,7,33,19,2020-02-06 23:00:00,146818208
4925,14,16,33,12,13,37,2020-02-06 11:00:00,146267031
4924,25,8,28,37,7,42,2020-02-05 23:00:00,145187285
4923,44,7,13,30,12,4,2020-02-05 11:00:00,144753428
4922,9,16,26,41,14,22,2020-02-04 23:00:00,143978456
4921,29,14,11,37,40,20,2020-02-04 11:00:00,143568608
4920,43,31,42,38,45,30,2020-02-03 23:00:00,142691295
4919,3,33,24,18,30,41,2020-02-03 11:00:00,142149339
4918,8,9,13,35,43,6,2020-02-02 23:00:00,141165104
4917,17,45,32,28,1,26,2020-02-02 11:00:00,140716451
4916,14,7,32,30,10,20,2020-02-01 23:00:00,139802676
4915,42,23,43,24,7,18,2020-02-01 11:00:00,139240714
4914,42,29,20,24,4,14,2020-01-31 23:00:00,138550316
4913,23,7,42,2,44,27,2020-01-31 11:00:00,138184949
4912,13,19,8,16,11,14,2020-01-30 23:00:00,137545355
4911,33,38,40,15,44,31,2020-01-30 11:00:00,137086166
4910,39,18,34,9,17,1,2020-01-29 23:00:00,136257608
4909,36,22,34,39,44,37,2020-01-29 11:00:00,135866809
4908,11,23,29,5,24,3,2020-01-28 23:00:00,135036216
4907,40,27,11,28,42,16,2020-01-28 11:00:00,134556538
4906,43,45,12,25,38,4,2020-01-27 23:00:00,133831135
4905,27,39,38,37,34,28,2020-01-27 11:00:00,133333153
4904,3,39,33,25,42,16,2020-01-26 23:00:00,132595303
4903,34,11,21,40,32,17,2020-01-26 11:00:00,132139882
4902,10,42,9,33,24,22,2020-01-25 23:00:00,131428131
4901,27,16,8,15,23,3,2020-01-25 11:00:00,130929257
4900,27,42,33,26,14,30,2020-01-24 23:00:00,129931867
4899,13,2,17,39,14,45,2020-01-24 11:00:00,129425908
4898,13,6,9,38,33,22,2020-01-23 23:00:00,128713003
4897,15,7,23,19,16,13,2020-01-23 11:00:00,128332069
4896,4,21,25,8,35,28,2020-01-22 23:00:00,127638596
4895,42,9,23,18,6,16,2020-01-22 11:00:00,127161414
4894,7,2,44,4,37,24,2020-01-21 23:00:00,126368934
4893,24,12,11,42,22,34,2020-01-21 11:00:00,125941395
4892,15,32,7,34,38,39,2020-01-20 23:00:00,125171250
4891,37,29,38,3,45,23,2020-01-20 11:00:00,124825665
4890,44,26,29,25,37,2,2020-01-19 23:00:00,124017638
4889,20,2,42,33,25,29,2020-01-19 11:00:00,123525591
4888,13,5,31,24,25,34,2020-01-18 23:00:00,122769845
4887,11,17,33,4,25,39,2020-01-18 11:00:00,122378006
4886,45,21,9,41,40,22,2020-01-17 23:00:00,121496097
4885,20,43,10,14,8,45,2020-01-17 11:00:00,120937842
4884,22,1,12,3,9,39,2020-01-16 23:00:00,120124010
4883,2,16,12,15,5,14,2020-01-16 11:00:00,119569315
4882,43,30,21,27,13,11,2020-01-15 23:00:00,118488265
4881,21,5,30,39,44,16,2020-01-15 11:00:00,118008396
4880,31,3,44,30,26,15,2020-01-14 23:00:00,117131664
4879,40,33,41,13,38,18,2020-01-14 11:00:00,116535408
4878,22,17,45,41,4,32,2020-01-13 23:00:00,115594566
4877,2,17,34,36,32,43,2020-01-13 11:00:00,114954512
4876,30,34,41,16,3,4,2020-01-12 23:00:00,114019421
4875,16,31,23,15,28,8,2020-01-12 11:00:00,113606552
4874,30,9,44,38,8,5,2020-01-11 23:00:00,112789563
4873,2,25,18,22,43,21,2020-01-11 11:00:00,112197971
4872,39,19,20,42,37,45,2020-01-10 23:00:00,111111787
4871,19,12,43,34,45,26,2020-01-10 11:00:00,110660449
4870,6,4,24,11,21,32,2020-01-09 23:00:00,109578456
4869,22,4,5,32,33,12,2020-01-09 11:00:00,109165987
4868,45,6,31,5,33,1,2020-01-08 23:00:00,108142477
4867,7,45,29,6,15,13,2020-01-08 11:00:00,107611387
4866,8,40,39,38,4,41,2020-01-07 23:00:00,106482972
4865,8,44,34,41,39,13,2020-01-07 11:00:00,105905981
4864,41,27,28,7,26,19,2020-01-06 23:00:00,104770971
4863,37,20,1,11,45,8,2020-01-06 11:00:00,104319896
4862,35,11,23,22,24,15,2020-01-05 23:00:00,103429084
4861,13,43,40,10,22,14,2020-01-05 11:00:00,102843764
4860,41,5,30,25,13,1,2020-01-04 23:00:00,101931166
4859,35,32,23,15,41,29,2020-01-04 11:00:00,101292414
4858,28,45,20,9,21,12,2020-01-03 23:00:00,100325579
4857,22,43,35,18,6,24,2020-01-03 11:00:00,99559389
4856,38,19,2,25,1,16,2020-01-02 23:00:00,98421930
4855,19,27,45,36,24,29,2020-01-02 11:00:00,97493016
4854,18,22,38,45,17,41,2020-01-01 23:00:00,96832793
4853,4,39,26,9,22,10,2020-01-01 11:00:00,96373734
4852,29,36,28,2,20,5,2019-12-31 23:00:00,94635828
4851,4,42,45,27,37,14,2019-12-31 11:00:00,93966357
4850,28,41,36,7,38,21,2019-12-30 23:00:00,92855494
4849,1,38,43,10,39,41,2019-12-30 11:00:00,92258579
4848,13,12,5,20,40,39,2019-12-29 23:00:00,91299289
4847,12,22,21,43,34,23,2019-12-29 11:00:00,90899355
4846,8,10,37,36,3,17,2019-12-28 23:00:00,90018847
4845,4,15,26,34,39,36,2019-12-28 11:00:00,89447875
4844,2,15,4,26,23,38,2019-12-27 23:00:00,88573634
4843,21,3,9,15,16,40,2019-12-27 11:00:00,88056751
4842,23,36,19,27,5,11,2019-12-26 23:00:00,87240979
4841,30,42,20,36,24,25,2019-12-26 11:00:00,86661291
4840,2,26,25,30,15,27,2019-12-25 23:00:00,85623327
4839,20,13,35,23,18,24,2019-12-25 11:00:00,85102290
4838,21,3,24,45,2,25,2019-12-24 23:00:00,84361254
4837,1,23,3,8,18,44,2019-12-24 11:00:00,84011720
4836,8,16,43,17,38,20,2019-12-23 23:00:00,83179610
4835,9,38,5,14,1,25,2019-12-23 11:00:00,82734970
4834,21,5,41,35,27,11,2019-12-22 23:00:00,82045365
4833,24,16,45,10,20,2,2019-12-22 11:00:00,81581920
4832,41,15,44,3,45,17,2019-12-21 23:00:00,80640059
4831,25,16,3,19,32,37,2019-12-21 11:00:00,80249421
4830,27,38,43,42,33,45,2019-12-20 23:00:00,79439857
4829,40,32,1,5,7,42,2019-12-20 11:00:00,79058571
4828,2,35,31,30,18,26,2019-12-19 23:00:00,78082961
4827,24,40,14,16,31,15,2019-12-19 11:00:00,77703020
4826,5,11,7,25,24,20,2019-12-18 23:00:00,76846900
4825,35,4,13,18,36,34,2019-12-18 11:00:00,76415884
4824,37,30,32,19,40,42,2019-12-17 23:00:00,75502379
4823,39,38,21,35,34,7,2019-12-17 11:00:00,75057144
4822,32,41,27,10,20,31,2019-12-16 23:00:00,74201933
4821,45,35,26,30,19,32,2019-12-16 11:00:00,73763101
4820,32,23,2,44,1,31,2019-12-15 23:00:00,72854308
4819,11,41,12,29,24,34,2019-12-15 11:00:00,72422430
4818,9,8,19,28,43,29,2019-12-14 23:00:00,71722352
4817,23,41,21,24,31,25,2019-12-14 11:00:00,71204352
4816,14,26,40,9,12,20,2019-12-13 23:00:00,70116143
4815,32,26,12,6,8,28,2019-12-13 11:00:00,69757586
4814,6,29,43,19,25,15,2019-12-12 23:00:00,69006269
4813,30,39,15,21,16,2,2019-12-12 11:00:00,68551388
4812,38,18,32,2,26,35,2019-12-11 23:00:00,67808618
4811,43,21,36,16,11,44,2019-12-11 11:00:00,67338663
4810,9,17,23,32,28,5,2019-12-10 23:00:00,66586887
4809,33,14,26,23,29,40,2019-12-10 11:00:00,66224921
4808,10,20,28,19,37,23,2019-12-09 23:00:00,65351965
4807,29,43,11,3,41,37,2019-12-09 11:00:00,64931731
4806,24,14,5,6,13,22,2019-12-08 23:00:00,64050239
4805,27,12,5,20,3,25,2019-12-08 11:00:00,63719177
4804,13,21,20,33,22,38,2019-12-07 23:00:00,62790008
4803,8,33,25,20,12,34,2019-12-07 11:00:00,62412113
4802,24,4,19,28,6,38,2019-12-06 23:00:00,61618282
4801,28,6,18,4,24,19,2019-12-06 11:00:00,61148029
4800,43,16,9,31,5,7,2019-12-05 23:00:00,60123842
4799,1,29,40,9,8,14,2019-12-05 11:00:00,59625362
4798,33,37,18,4,28,36,2019-12-04 23:00:00,58866286
4797,34,26,27,7,39,10,2019-12-04 11:00:00,58473742
4796,37,34,13,9,20,27,2019-12-03 23:00:00,57735178
4795,15,43,26,18,22,44,2019-12-03 11:00:00,57228512
4794,23,25,35,44,11,33,2019-12-02 23:00:00,56488180
4793,28,27,4,44,16,20,2019-12-02 11:00:00,56107609
4792,2,6,31,13,11,23,2019-12-01 23:00:00,55135139
4791,36,26,39,14,33,19,2019-12-01 11:00:00,54683462
4790,21,14,20,3,17,45,2019-11-30 23:00:00,53939000
4789,28,29,2,42,1,27,2019-11-30 11:00:00,53424418
4788,11,41,22,37,29,25,2019-11-29 23:00:00,52317897
4787,3,43,9,37,2,11,2019-11-29 11:00:00,51983455
4786,29,44,14,28,37,22,2019-11-28 23:00:00,50932481
4785,37,24,14,28,33,23,2019-11-28 11:00:00,50500386
4784,18,15,8,38,33,20,2019-11-27 23:00:00,49681439
4783,14,6,41,15,23,19,2019-11-27 11:00:00,49168990
4782,23,42,13,14,9,20,2019-11-26 23:00:00,48307032
4781,43,29,38,44,40,39,2019-11-26 11:00:00,47840158
4780,38,13,18,33,4,21,2019-11-25 23:00:00,47078163
4779,28,20,25,37,3,40,2019-11-25 11:00:00,46558561
4778,6,2,31,17,37,22,2019-11-24 23:00:00,45742543
4777,5,19,31,36,41,21,2019-11-24 11:00:00,45210890
4776,40,8,7,15,14,6,2019-11-23 23:00:00,44319725
4775,32,5,20,2,3,25,2019-11-23 11:00:00,43801754
4774,42,8,22,6,19,2,2019-11-22 23:00:00,42614528
4773,5,45,22,39,43,33,2019-11-22 11:00:00,41854108
4772,21,39,25,6,14,27,2019-11-21 23:00:00,370659824
4771,22,14,38,37,3,9,2019-11-21 11:00:00,369235781
4770,43,36,14,1,37,23,2019-11-20 23:00:00,367132815
4769,12,22,7,20,21,2,2019-11-20 11:00:00,366011314
4768,44,19,40,9,30,26,2019-11-19 23:00:00,363759393
4767,36,9,16,39,19,12,2019-11-19 11:00:00,362784018
4766,13,20,9,15,16,6,2019-11-18 23:00:00,361190016
4765,20,19,41,15,22,5,2019-11-18 11:00:00,360337191
4764,20,17,2,7,29,11,2019-11-17 23:00:00,358824301
4763,3,37,15,36,16,28,2019-11-17 11:00:00,357978653
4762,8,19,15,31,5,33,2019-11-16 23:00:00,356301749
4761,10,37,2,5,18,15,2019-11-16 11:00:00,355045420
4760,20,3,37,29,45,40,2019-11-15 23:00:00,352988380
4759,23,6,29,12,1,14,2019-11-15 11:00:00,351953181
4758,45,43,27,4,37,13,2019-11-14 23:00:00,349922451
4757,26,11,3,32,16,14,2019-11-14 11:00:00,348596763
4756,23,20,2,3,16,5,2019-11-13 23:00:00,346596198
4755,1,3,33,18,26,28,2019-11-13 11:00:00,345527146
4754,37,19,30,45,42,41,2019-11-12 23:00:00,343359340
4753,45,8,39,37,18,2,2019-11-12 11:00:00,342364240
4752,33,13,4,18,17,28,2019-11-11 23:00:00,340678231
4751,10,18,25,1,43,22,2019-11-11 11:00:00,339511197
4750,22,39,43,45,41,35,2019-11-10 23:00:00,337820267
4749,44,8,15,32,25,26,2019-11-10 11:00:00,336715277
4748,37,32,19,38,22,2,2019-11-09 23:00:00,334506561
4747,1,28,33,37,40,18,2019-11-09 11:00:00,333181863
4746,26,17,18,35,39,13,2019-11-08 23:00:00,331371250
4745,21,26,19,44,39,5,2019-11-08 11:00:00,330188345
4744,39,42,30,4,28,18,2019-11-07 23:00:00,328249270
4743,12,36,39,21,25,31,2019-11-07 11:00:00,327193546
4742,10,18,17,28,43,5,2019-11-06 23:00:00,325456791
4741,22,15,5,31,29,4,2019-11-06 11:00:00,324639091
4740,15,38,6,17,26,43,2019-11-05 23:00:00,323171953
4739,31,30,21,22,35,23,2019-11-05 11:00:00,322397071
4738,37,36,43,30,28,45,2019-11-04 23:00:00,320932308
4737,9,25,44,10,3,23,2019-11-04 11:00:00,320185820
4736,42,16,12,1,37,15,2019-11-03 23:00:00,318220076
4735,12,26,27,9,45,18,2019-11-03 11:00:00,317425057
4734,10,39,33,37,31,11,2019-11-02 23:00:00,315813687
4733,42,23,32,28,1,4,2019-11-02 11:00:00,314838546
4732,27,24,4,14,42,30,2019-11-01 23:00:00,313033747
4731,30,22,32,41,44,29,2019-11-01 11:00:00,312081815
4730,15,36,42,18,39,14,2019-10-31 23:00:00,310369420
4729,42,8,37,16,27,18,2019-10-31 11:00:00,309475694
4728,33,24,2,29,13,5,2019-10-30 23:00:00,307801738
4727,18,20,2,30,23,24,2019-10-30 11:00:00,306588522
4726,26,11,31,14,36,29,2019-10-29 23:00:00,304963960
4725,17,12,10,25,7,3,2019-10-29 11:00:00,304116008
4724,29,24,37,3,38,2,2019-10-28 23:00:00,302481854
4723,6,16,31,26,18,37,2019-10-28 11:00:00,301293599
4722,23,22,25,15,5,1,2019-10-27 23:00:00,299604011
4721,1,43,29,37,34,11,2019-10-27 11:00:00,298755601
4720,33,34,21,22,42,11,2019-10-26 23:00:00,297297566
4719,33,39,40,44,23,41,2019-10-26 11:00:00,296262818
4718,28,26,36,1,38,6,2019-10-25 23:00:00,294434215
4717,15,16,23,3,35,5,2019-10-25 11:00:00,293489940
4716,24,32,6,9,21,33,2019-10-24 23:00:00,291837051
4715,21,18,5,39,36,43,2019-10-24 11:00:00,290828538
4714,20,16,14,3,43,2,2019-10-23 23:00:00,288960400
4713,9,45,30,35,21,11,2019-10-23 11:00:00,287974186
4712,15,19,20,14,2,12,2019-10-22 23:00:00,286077264
4711,21,9,35,43,10,26,2019-10-22 11:00:00,284644436
4710,36,27,19,7,32,41,2019-10-21 23:00:00,282326197
4709,18,19,22,38,25,41,2019-10-21 11:00:00,280258717
4708,28,33,30,13,38,17,2019-10-20 23:00:00,278368607
4707,11,23,4,30,40,5,2019-10-20 11:00:00,277485062
4706,24,9,23,43,3,12,2019-10-19 23:00:00,275945610
4705,33,4,15,9,43,12,2019-10-19 11:00:00,275080452
4704,33,13,10,15,6,24,2019-10-18 23:00:00,273373652
4703,30,44,10,23,28,16,2019-10-18 11:00:00,272517394
4702,4,17,38,9,33,14,2019-10-17 23:00:00,270968906
4701,35,23,3,36,26,32,2019-10-17 11:00:00,269791111
4700,11,10,32,20,17,27,2019-10-16 23:00:00,268197075
4699,31,7,4,26,44,42,2019-10-16 11:00:00,267290329
4698,19,35,33,42,9,15,2019-10-15 23:00:00,265729496
4697,20,31,5,42,4,21,2019-10-15 11:00:00,264867689
4696,12,43,35,22,19,40,2019-10-14 23:00:00,263294897
4695,41,39,33,37,9,1,2019-10-14 11:00:00,262421640
4694,1,26,20,25,21,8,2019-10-13 23:00:00,260800178
4693,30,13,15,43,44,17,2019-10-13 11:00:00,259984303
4692,29,23,34,16,10,37,2019-10-12 23:00:00,258345464
4691,21,14,17,7,25,44,2019-10-12 11:00:00,257378900
4690,3,21,8,4,31,19,2019-10-11 23:00:00,255490450
4689,40,25,8,18,30,38,2019-10-11 11:00:00,254119265
4688,8,5,13,29,4,15,2019-10-10 23:00:00,252341389
4687,1,37,30,27,25,26,2019-10-10 11:00:00,251194251
4686,42,11,41,22,18,17,2019-10-09 23:00:00,249044571
4685,41,20,6,29,44,33,2019-10-09 11:00:00,247951833
4684,29,27,25,43,45,40,2019-10-08 23:00:00,246399264
4683,16,3,1,44,38,26,2019-10-08 11:00:00,245539765
4682,1,7,26,4,10,38,2019-10-07 23:00:00,244102996
4681,34,42,19,33,2,40,2019-10-07 11:00:00,243302541
4680,42,29,5,13,30,18,2019-10-06 23:00:00,241842336
4679,33,43,44,2,24,42,2019-10-06 11:00:00,240828239
4678,18,31,42,3,39,13,2019-10-05 23:00:00,239350775
4677,27,18,12,2,33,21,2019-10-05 11:00:00,238510033
4676,37,28,2,44,10,25,2019-10-04 23:00:00,236776250
4675,35,24,40,33,26,3,2019-10-04 11:00:00,235661509
4674,8,26,1,36,20,11,2019-10-03 23:00:00,233953551
4673,21,19,22,1,45,4,2019-10-03 11:00:00,232981011
4672,28,11,40,6,43,25,2019-10-02 23:00:00,231120335
4671,40,33,37,15,45,41,2019-10-02 11:00:00,230200443
4670,19,39,15,45,8,33,2019-10-01 23:00:00,228636172
4669,36,32,15,4,30,34,2019-10-01 11:00:00,227773463
4668,12,2,1,39,42,40,2019-09-30 23:00:00,226186883
4667,31,33,3,1,35,24,2019-09-30 11:00:00,225150789
4666,18,33,29,2,31,27,2019-09-29 23:00:00,223659807
4665,19,27,17,10,37,44,2019-09-29 11:00:00,223046389
4664,42,36,22,25,6,41,2019-09-28 23:00:00,221734953
4663,45,14,15,26,9,3,2019-09-28 11:00:00,220958484
4662,14,16,3,22,6,1,2019-09-27 23:00:00,219439431
4661,41,35,5,34,21,26,2019-09-27 11:00:00,218398516
4660,37,8,18,20,1,12,2019-09-26 23:00:00,216695137
4659,17,44,41,39,36,33,2019-09-26 11:00:00,215852727
4658,9,34,13,25,32,42,2019-09-25 23:00:00,214242839
4657,13,19,32,35,45,5,2019-09-25 11:00:00,213501223
4656,42,12,23,44,6,28,2019-09-24 23:00:00,212049703
4655,45,38,20,44,36,6,2019-09-24 11:00:00,211108189
4654,19,33,37,41,26,22,2019-09-23 23:00:00,209820089
4653,15,6,25,28,4,7,2019-09-23 11:00:00,209116542
4652,22,42,24,21,32,29,2019-09-22 23:00:00,207658177
4651,26,2,43,30,38,8,2019-09-22 11:00:00,206689437
4650,12,1,17,35,31,24,2019-09-21 23:00:00,205133927
4649,3,43,29,37,6,45,2019-09-21 11:00:00,204288125
4648,8,16,14,33,20,26,2019-09-20 23:00:00,202669291
4647,29,1,24,14,28,18,2019-09-20 11:00:00,201489671
4646,17,5,36,4,18,34,2019-09-19 23:00:00,199665262
4645,22,2,13,15,11,21,2019-09-19 11:00:00,198698495
4644,16,10,13,22,35,11,2019-09-18 23:00:00,196830219
4643,22,13,4,19,23,43,2019-09-18 11:00:00,195997565
4642,37,8,31,17,24,23,2019-09-17 23:00:00,194445157
4641,30,12,16,29,36,3,2019-09-17 11:00:00,193542766
4640,41,14,5,1,45,9,2019-09-16 23:00:00,191983344
4639,9,4,6,5,41,34,2019-09-16 11:00:00,191254140
4638,24,30,15,40,44,33,2019-09-15 23:00:00,189485591
4637,40,18,3,45,9,37,2019-09-15 11:00:00,188860688
4636,3,21,22,45,12,9,2019-09-14 23:00:00,187823051
4635,30,2,23,14,21,25,2019-09-14 11:00:00,187035879
4634,33,3,17,22,16,14,2019-09-13 23:00:00,185998059
4633,13,16,26,12,19,11,2019-09-13 11:00:00,185496790
4632,40,7,38,17,45,22,2019-09-12 23:00:00,184602248
4631,37,36,43,18,13,26,2019-09-12 11:00:00,184131173
4630,5,13,15,9,40,34,2019-09-11 23:00:00,183078925
4629,5,43,27,15,36,34,2019-09-11 11:00:00,182504954
4628,29,6,14,3,45,7,2019-09-10 23:00:00,181677979
4627,39,18,45,32,25,4,2019-09-10 11:00:00,181039507
4626,2,14,23,44,18,17,2019-09-09 23:00:00,180016742
4625,4,17,3,2,22,21,2019-09-09 11:00:00,179625498
4624,31,14,1,19,24,4,2019-09-08 23:00:00,178605432
4623,34,23,30,40,37,8,2019-09-08 11:00:00,178116284
4622,31,15,23,7,18,21,2019-09-07 23:00:00,177412915
4621,32,35,44,38,3,19,2019-09-07 11:00:00,176965736
4620,38,31,33,43,42,21,2019-09-06 23:00:00,176065453
4619,40,42,10,5,45,9,2019-09-06 11:00:00,175436894
4618,44,36,14,40,39,25,2019-09-05 23:00:00,174534639
4617,35,37,45,32,33,16,2019-09-05 11:00:00,173890778
4616,16,39,36,45,4,30,2019-09-04 23:00:00,172977794
4615,26,16,9,45,14,29,2019-09-04 11:00:00,172494705
4614,33,14,5,10,6,2,2019-09-03 23:00:00,171376721
4613,26,20,39,2,22,8,2019-09-03 11:00:00,170773629
4612,44,11,38,6,43,20,2019-09-02 23:00:00,169712661
4611,44,26,16,6,38,9,2019-09-02 11:00:00,169266149
4610,11,27,24,9,38,37,2019-09-01 23:00:00,168445327
4609,43,3,37,4,42,9,2019-09-01 11:00:00,167926580
4608,31,25,22,1,12,36,2019-08-31 23:00:00,167117143
4607,40,37,39,16,6,45,2019-08-31 11:00:00,166471886
4606,19,43,14,12,22,34,2019-08-30 23:00:00,165295580
4605,31,34,19,33,39,20,2019-08-30 11:00:00,164642075
4604,35,3,30,26,31,36,2019-08-29 23:00:00,163734742
4603,44,23,31,7,2,24,2019-08-29 11:00:00,163100489
4602,9,29,2,45,34,28,2019-08-28 23:00:00,162000865
4601,23,22,19,5,29,33,2019-08-28 11:00:00,161370159
4600,3,30,42,43,29,4,2019-08-27 23:00:00,160482121
4599,27,37,1,24,19,23,2019-08-27 11:00:00,160004572
4598,44,40,30,33,8,15,2019-08-26 23:00:00,159178024
4597,42,5,23,22,18,15,2019-08-26 11:00:00,158701094
4596,42,21,20,26,16,3,2019-08-25 23:00:00,157813426
4595,45,24,37,29,8,12,2019-08-25 11:00:00,157380715
4594,44,4,36,31,7,3,2019-08-24 23:00:00,156375045
4593,5,15,43,40,41,27,2019-08-24 11:00:00,155737327
4592,7,3,41,34,21,45,2019-08-23 23:00:00,154568288
4591,33,36,14,11,40,43,2019-08-23 11:00:00,154011622
4590,42,41,23,24,43,34,2019-08-22 23:00:00,153229729
4589,30,16,38,3,7,19,2019-08-22 11:00:00,152786120
4588,32,1,20,29,31,9,2019-08-21 23:00:00,151927148
4587,44,25,28,40,23,4,2019-08-21 11:00:00,151489930
4586,26,11,18,1,36,15,2019-08-20 23:00:00,150664772
4585,33,35,45,11,23,18,2019-08-20 11:00:00,150230723
4584,34,9,26,44,32,3,2019-08-19 23:00:00,149221247
4583,9,29,12,44,6,13,2019-08-19 11:00:00,148803273
4582,37,44,34,25,6,30,2019-08-18 23:00:00,147972681
4581,36,1,4,3,5,30,2019-08-18 11:00:00,147460761
4580,20,7,31,34,23,38,2019-08-17 23:00:00,146697161
4579,20,25,37,14,15,5,2019-08-17 11:00:00,146126145
4578,43,27,2,39,8,7,2019-08-16 23:00:00,145061337
4577,39,27,32,19,23,10,2019-08-16 11:00:00,144456075
4576,31,45,27,28,40,18,2019-08-15 23:00:00,143554281
4575,19,33,11,42,7,28,2019-08-15 11:00:00,142926921
4574,5,23,31,41,39,16,2019-08-14 23:00:00,141935359
4573,31,22,1,36,44,10,2019-08-14 11:00:00,141374902
4572,14,36,20,41,8,18,2019-08-13 23:00:00,140231602
4571,34,7,3,10,11,6,2019-08-13 11:00:00,139791004
4570,26,23,24,29,34,37,2019-08-12 23:00:00,138740225
4569,22,40,6,44,2,36,2019-08-12 11:00:00,138184057
4568,11,16,8,9,17,31,2019-08-11 23:00:00,137244913
4567,18,10,21,17,45,44,2019-08-11 11:00:00,136761412
4566,9,20,13,8,33,26,2019-08-10 23:00:00,136054522
4565,13,38,12,15,21,29,2019-08-10 11:00:00,135588613
4564,42,9,21,1,33,34,2019-08-09 23:00:00,134634788
4563,5,9,38,11,14,3,2019-08-09 11:00:00,134128338
4562,13,25,6,42,45,9,2019-08-08 23:00:00,133330570
4561,4,33,22,41,20,23,2019-08-08 11:00:00,132901342
4560,1,24,40,26,18,20,2019-08-07 23:00:00,131888023
4559,32,28,6,20,27,21,2019-08-07 11:00:00,131445401
4558,17,36,39,12,19,33,2019-08-06 23:00:00,130636327
4557,2,15,9,22,6,43,2019-08-06 11:00:00,130206796
4556,40,39,3,41,16,30,2019-08-05 23:00:00,129397549
4555,22,18,40,19,30,14,2019-08-05 11:00:00,128850671
4554,36,31,33,20,8,19,2019-08-04 23:00:00,128054137
4553,32,22,8,17,23,12,2019-08-04 11:00:00,127675094
4552,2,4,39,7,6,3,2019-08-03 23:00:00,126932544
4551,23,45,19,6,44,28,2019-08-03 11:00:00,126469599
4550,32,21,22,31,29,2,2019-08-02 23:00:00,125546087
4549,10,4,15,29,21,6,2019-08-02 11:00:00,125035382
4548,34,38,16,5,41,1,2019-08-01 23:00:00,124046111
4547,40,3,37,23,10,20,2019-08-01 11:00:00,123381120
4546,29,45,5,27,44,26,2019-07-31 23:00:00,122450827
4545,3,41,1,23,9,39,2019-07-31 11:00:00,121932732
4544,44,1,16,38,37,22,2019-07-30 23:00:00,121164474
4543,17,39,31,37,20,4,2019-07-30 11:00:00,120738035
4542,34,23,38,39,8,40,2019-07-29 23:00:00,119807846
4541,26,5,30,35,29,38,2019-07-29 11:00:00,119311366
4540,13,10,30,12,26,16,2019-07-28 23:00:00,118396506
4539,5,18,2,21,6,31,2019-07-28 11:00:00,118054133
4538,40,20,24,33,39,18,2019-07-27 23:00:00,117208189
4537,45,20,1,24,12,17,2019-07-27 11:00:00,116679934
4536,3,34,16,25,4,28,2019-07-26 23:00:00,115905684
4535,23,15,32,36,13,39,2019-07-26 11:00:00,115350851
4534,38,6,21,39,1,28,2019-07-25 23:00:00,114302350
4533,19,38,34,14,35,17,2019-07-25 11:00:00,113747202
4532,1,42,45,4,28,25,2019-07-24 23:00:00,112678530
4531,6,24,23,17,32,37,2019-07-24 11:00:00,112119725
4530,1,2,12,31,33,20,2019-07-23 23:00:00,111303535
4529,19,40,10,33,4,5,2019-07-23 11:00:00,110852317
4528,5,26,11,32,12,10,2019-07-22 23:00:00,109856927
4527,39,33,40,4,24,45,2019-07-22 11:00:00,109362291
4526,19,29,4,6,36,12,2019-07-21 23:00:00,108484319
4525,7,22,39,2,8,28,2019-07-21 11:00:00,108034486
4524,37,16,45,35,32,11,2019-07-20 23:00:00,107340816
4523,26,12,40,27,34,2,2019-07-20 11:00:00,106907500
4522,38,42,25,23,29,10,2019-07-19 23:00:00,105815552
4521,6,35,23,3,25,43,2019-07-19 11:00:00,105376278
4520,32,18,21,36,23,25,2019-07-18 23:00:00,104371717
4519,34,23,38,41,29,7,2019-07-18 11:00:00,103801581
4518,40,1,36,35,12,11,2019-07-17 23:00:00,102682596
4517,4,12,17,15,34,21,2019-07-17 11:00:00,102126149
4516,22,35,36,7,15,19,2019-07-16 23:00:00,101271143
4515,16,25,31,45,22,39,2019-07-16 11:00:00,100766350
4514,36,8,29,12,17,32,2019-07-15 23:00:00,99730682
4513,29,19,22,23,9,17,2019-07-15 11:00:00,99272534
4512,21,27,32,13,34,12,2019-07-14 23:00:00,98496243
4511,12,42,13,38,22,27,2019-07-14 11:00:00,98012151
4510,20,34,8,21,16,12,2019-07-13 23:00:00,97274383
4509,13,42,12,20,26,28,2019-07-13 11:00:00,96821385
4508,31,19,38,12,5,45,2019-07-12 23:00:00,95912390
4507,19,42,23,21,17,34,2019-07-12 11:00:00,95331087
4506,12,31,30,13,34,18,2019-07-11 23:00:00,94205799
4505,8,21,43,25,36,34,2019-07-11 11:00:00,93701972
4504,4,19,16,5,37,26,2019-07-10 23:00:00,92590174
4503,20,28,4,5,37,27,2019-07-10 11:00:00,92047480
4502,38,1,24,45,25,6,2019-07-09 23:00:00,91175135
4501,44,45,10,2,28,41,2019-07-09 11:00:00,90550027
4500,36,19,6,2,32,14,2019-07-08 23:00:00,89692655
4499,31,23,27,18,7,21,2019-07-08 11:00:00,89136365
4498,41,4,11,5,13,45,2019-07-07 23:00:00,88091178
4497,10,43,15,2,5,19,2019-07-07 11:00:00,87571869
4496,21,6,14,8,11,33,2019-07-06 23:00:00,86856074
4495,4,43,17,8,35,38,2019-07-06 11:00:00,86425180
4494,11,4,40,39,1,10,2019-07-05 23:00:00,85314211
4493,40,29,6,14,28,1,2019-07-05 11:00:00,84854593
4492,34,12,18,6,1,38,2019-07-04 23:00:00,84027167
4491,10,5,33,14,26,19,2019-07-04 11:00:00,83446320
4490,2,38,5,40,15,31,2019-07-03 23:00:00,82543725
4489,42,10,25,2,5,16,2019-07-03 11:00:00,82064420
4488,29,7,40,45,38,23,2019-07-02 23:00:00,80954420
4487,44,8,24,36,16,40,2019-07-02 11:00:00,80357262
4486,10,31,2,45,37,1,2019-07-01 23:00:00,79500096
4485,13,38,43,18,11,40,2019-07-01 11:00:00,79102434
4484,26,1,25,35,30,41,2019-06-30 23:00:00,77920892
4483,11,3,41,30,45,24,2019-06-30 11:00:00,77428404
4482,14,22,11,32,8,33,2019-06-29 23:00:00,76465925
4481,33,10,37,8,36,22,2019-06-29 11:00:00,75895726
4480,7,26,12,5,6,34,2019-06-28 23:00:00,75021590
4479,32,3,19,14,43,37,2019-06-28 11:00:00,74532931
4478,35,14,17,28,34,40,2019-06-27 23:00:00,73717626
4477,16,19,33,25,29,35,2019-06-27 11:00:00,73096151
4476,39,24,23,36,44,17,2019-06-26 23:00:00,72206756
4475,15,5,37,35,29,24,2019-06-26 11:00:00,71576392
4474,43,13,31,30,22,29,2019-06-25 23:00:00,70630891
4473,16,26,38,28,3,21,2019-06-25 11:00:00,70015375
4472,26,31,8,24,29,3,2019-06-24 23:00:00,68989330
4471,15,14,43,13,2,27,2019-06-24 11:00:00,68387968
4470,45,3,12,36,39,17,2019-06-23 23:00:00,67442341
4469,13,44,33,31,35,27,2019-06-23 11:00:00,66894158
4468,13,30,24,22,3,8,2019-06-22 23:00:00,66149842
4467,13,18,35,28,31,10,2019-06-22 11:00:00,65667708
4466,6,34,26,16,42,36,2019-06-21 23:00:00,64660703
4465,21,2,9,11,8,4,2019-06-21 11:00:00,64186784
4464,10,33,22,35,27,19,2019-06-20 23:00:00,63192390
4463,5,31,34,24,19,21,2019-06-20 11:00:00,62163012
4462,13,9,31,28,4,38,2019-06-19 23:00:00,61316098
4461,42,31,4,44,39,20,2019-06-19 11:00:00,60950013
4460,14,45,23,36,25,38,2019-06-18 23:00:00,60307772
4459,30,13,41,27,18,23,2019-06-18 11:00:00,59970450
4458,2,15,33,9,39,38,2019-06-17 23:00:00,59176408
4457,32,24,2,35,26,14,2019-06-17 11:00:00,58736350
4456,7,35,24,4,20,34,2019-06-16 23:00:00,57919401
4455,25,12,21,28,19,16,2019-06-16 11:00:00,57491185
4454,35,28,41,7,22,27,2019-06-15 23:00:00,56692393
4453,34,32,33,7,27,29,2019-06-15 11:00:00,56260319
4452,31,36,27,21,28,11,2019-06-14 23:00:00,55428295
4451,45,43,38,12,30,25,2019-06-14 11:00:00,55059549
4450,29,20,24,4,37,41,2019-06-13 23:00:00,54229419
4449,9,10,37,13,22,11,2019-06-13 11:00:00,53832131
4448,41,35,42,4,1,40,2019-06-12 23:00:00,53062096
4447,22,16,12,24,26,39,2019-06-12 11:00:00,52627206
4446,13,18,34,8,43,45,2019-06-11 23:00:00,51753936
4445,7,37,19,2,40,13,2019-06-11 11:00:00,51314836
4444,29,43,15,31,25,19,2019-06-10 23:00:00,50476444
4443,7,42,39,33,4,16,2019-06-10 11:00:00,50174558
4442,13,4,17,7,32,21,2019-06-09 23:00:00,49664950
4441,7,11,37,38,15,1,2019-06-09 11:00:00,49314648
4440,41,10,38,32,17,3,2019-06-08 23:00:00,48820772
4439,1,38,4,16,25,5,2019-06-08 11:00:00,48396735
4438,14,16,7,44,1,19,2019-06-07 23:00:00,47609110
4437,33,37,18,25,10,31,2019-06-07 11:00:00,47145453
4436,44,14,24,34,18,10,2019-06-06 23:00:00,46512858
4435,38,14,32,23,5,12,2019-06-06 11:00:00,46157652
4434,6,15,21,36,28,24,2019-06-05 23:00:00,45525880
4433,7,9,34,14,8,16,2019-06-05 11:00:00,45098813
4432,21,28,2,10,42,12,2019-06-04 23:00:00,44300721
4431,30,14,43,5,3,23,2019-06-04 11:00:00,43946635
4430,8,12,3,34,43,13,2019-06-03 23:00:00,43379388
4429,23,40,43,14,1,36,2019-06-03 11:00:00,42968806
4428,45,4,10,40,31,6,2019-06-02 23:00:00,42260139
4427,3,9,1,12,42,36,2019-06-02 11:00:00,41884505
4426,26,41,33,39,43,36,2019-06-01 23:00:00,41185523
4425,6,13,29,42,28,9,2019-06-01 11:00:00,40840301
4424,44,25,2,28,22,11,2019-05-31 23:00:00,40035616
4423,4,5,8,23,12,20,2019-05-31 11:00:00,39695979
4422,42,33,9,36,45,6,2019-05-30 23:00:00,39087967
4421,5,26,15,43,34,24,2019-05-30 11:00:00,38762671
4420,2,38,41,14,20,34,2019-05-29 23:00:00,37965261
4419,45,42,18,21,17,15,2019-05-29 11:00:00,37518481
4418,21,5,14,15,8,38,2019-05-28 23:00:00,36979069
4417,6,18,20,41,34,27,2019-05-28 11:00:00,36567001
4416,31,30,19,27,15,14,2019-05-27 23:00:00,35983084
4415,15,1,19,30,24,17,2019-05-27 11:00:00,35604993
4414,10,24,3,44,28,26,2019-05-26 23:00:00,35029643
4413,32,36,25,12,44,5,2019-05-26 11:00:00,34656690
4412,26,40,2,44,39,33,2019-05-25 23:00:00,33935250
4411,20,29,39,38,7,22,2019-05-25 11:00:00,33488820
4410,39,14,44,31,36,34,2019-05-24 23:00:00,32626138
4409,11,23,20,13,45,39,2019-05-24 11:00:00,32208104
4408,6,31,25,7,29,8,2019-05-23 23:00:00,31618593
4407,2,28,29,24,33,19,2019-05-23 11:00:00,31191634
4406,13,24,18,30,32,16,2019-05-22 23:00:00,30373642
4405,41,31,8,9,6,13,2019-05-22 11:00:00,29937202
4404,17,22,7,38,42,12,2019-05-21 23:00:00,29344524
4403,28,23,42,14,13,40,2019-05-21 11:00:00,29014606
4402,36,35,16,39,32,10,2019-05-20 23:00:00,28233756
4401,38,35,7,3,26,10,2019-05-20 11:00:00,27829384
4400,18,33,17,45,26,31,2019-05-19 23:00:00,27073290
4399,15,41,18,7,37,36,2019-05-19 11:00:00,26706434
4398,33,15,23,17,40,39,2019-05-18 23:00:00,25730298
4397,31,8,29,36,28,5,2019-05-18 11:00:00,25257412
4396,12,24,41,32,35,8,2019-05-17 23:00:00,24552123
4395,34,36,10,39,19,26,2019-05-17 11:00:00,24045727
4394,10,27,37,2,1,39,2019-05-16 23:00:00,23133479
